,mean,std,2.5q,25q,50q,75q,97.5q,mc err
a,2.0188740844721482,0.048127205568450661,1.9258518217485354,1.9861562551701981,2.0184738546005385,2.0511078508492564,2.1153151450199319,0.00045632004421489658
a_std,0.29372615208003577,0.037931681303143068,0.23051290302185465,0.26670513311024535,0.29053601125989298,0.31639630038617395,0.37867839786449464,0.0003632727434051052
a_subj.501,1.89677902321159,0.052558291320052512,1.7965944529244209,1.8611452506368966,1.8954017709351982,1.9314823018879781,2.002695847219548,0.00057937645391781885
a_subj.502,1.8906936094132469,0.051957346735475821,1.7908697704597047,1.8557817492798407,1.8896758166152789,1.924749703212721,1.995709082206351,0.00043057153530502089
a_subj.503,1.9530697403093353,0.055133697617126033,1.8495158192125378,1.9152329056785278,1.9516980171667988,1.9894831267126274,2.0647107662110549,0.00047425616507060301
a_subj.504,1.6720574027103527,0.048395752794863613,1.5811234385066244,1.6385307052324691,1.6707846211355646,1.7046357301584778,1.7709952243513614,0.00041292344945025332
a_subj.505,1.9443581114869539,0.055938061680220745,1.8386824183528652,1.9063238416015795,1.9431403403747023,1.9807677794613336,2.05820024513178,0.00051469449876483174
a_subj.506,2.1349417904513559,0.059487215236274274,2.0227648665045534,2.0934719610615873,2.1341484954298164,2.1747673332254753,2.2539661987035959,0.00051209202626240568
a_subj.507,1.7361851577725369,0.050024193148132008,1.6410336995791748,1.7017006172021714,1.7352751268533986,1.7683540193518064,1.8386607165711748,0.00046834929293977499
a_subj.508,2.0288318607889089,0.056752593864387253,1.9206376776187515,1.9902289796549577,2.0274350560369405,2.0662373145922648,2.1448835818004088,0.00054722776563924445
a_subj.509,1.9320561062925024,0.057681942416857583,1.8228479517255036,1.8921245775466013,1.9305783805521273,1.9694996232387589,2.0483275893661661,0.00058090492887665445
a_subj.510,2.5159834551745486,0.075147439426545129,2.3738306115699706,2.4645564158169266,2.5149232446853254,2.5658388541431796,2.6656851231061136,0.00067625424859295204
a_subj.511,2.1031059033920259,0.060461373367246871,1.9874583951441107,2.0620665538773721,2.1013501285420695,2.1434721344597265,2.2257085747949454,0.0005724304662884875
a_subj.512,1.7758377974544051,0.049013204398069762,1.6813697279669073,1.74281833381318,1.7745002957001945,1.8079428464863243,1.8751046174556589,0.00045383898831076263
a_subj.513,2.3513704973069043,0.068984355125210492,2.2199643538347535,2.3037496349995381,2.3500722010584791,2.3973641655263229,2.4909381638427952,0.0006575138713685372
a_subj.514,2.2241217217861191,0.063405951644588787,2.1038554913899645,2.180149317236995,2.2229386280909695,2.2658351595785726,2.3512637159775864,0.00055140789662410229
a_subj.515,2.263905122054775,0.066409004457899753,2.1358055129944198,2.2180349533128139,2.2630517930002925,2.3071614005776828,2.3965911940678097,0.00059407945533672814
a_subj.516,2.2186034120656442,0.062557910832981373,2.0998784218062321,2.1758286195992733,2.2175329941600617,2.2608165941760237,2.3426711360878523,0.00057350370609088558
a_subj.517,1.9657623416208834,0.05475808159824358,1.8615289260016665,1.9285348245901925,1.964090619279609,2.0016822754629358,2.0772392599265661,0.00050744534155503971
a_subj.518,1.7572943454648031,0.05008437215879185,1.6627858722252062,1.7231059591012134,1.7558401793656364,1.7906871678989151,1.8567802586689388,0.00047994266317573738
a_subj.519,1.6415019066154097,0.047889815210564277,1.5505841000373755,1.6084986458343487,1.6403033208989144,1.6729544537572649,1.7387525248833453,0.00050143568945530638
a_subj.521,2.0707657128844605,0.060711184981047647,1.955086996053591,2.0298936268824441,2.0690732326164296,2.1102713389178178,2.1936658218565568,0.00060085654838313023
a_subj.522,2.6397138126166921,0.074875294681033086,2.4951972802086937,2.5891815096094879,2.6385609406670394,2.6894557976997149,2.7915897683526092,0.00065219412416620708
a_subj.523,1.7836296378401102,0.049407911186445386,1.6892543278030194,1.7501411268193932,1.7824031921061512,1.8156163606091622,1.885026318159158,0.00044059844906814129
a_subj.524,2.5400480134266421,0.077139401080412465,2.3921207976881877,2.4874902100963068,2.538229331985336,2.5911350466734082,2.6938827164860069,0.00075345270213044682
a_subj.525,2.517072670569747,0.075051947064257662,2.3744754120717748,2.4653212533489697,2.5157538373539317,2.5669717365610092,2.6683847633042657,0.00058996247690959393
a_subj.526,1.7874898411350744,0.053040121298546808,1.6868841698822321,1.7506220906095802,1.7862810456006255,1.8223099313052264,1.8951499769241864,0.00049960747997466462
a_subj.527,2.0788495819267907,0.060285309590429596,1.9646002749403466,2.0381248375660461,2.0772354024049311,2.1183679897183798,2.199325645573567,0.00056457642040351149
a_subj.528,1.8945158513760598,0.052380524175993412,1.7947290950129986,1.8588748979405969,1.8933995841792546,1.9287199454284794,2.0017397020992136,0.00049371036837100586
a_subj.530,1.6881833558251533,0.044649924854668725,1.6021518222480626,1.6581449388451448,1.6870469553085272,1.7177959632375601,1.7787275380803356,0.00044231942670423265
a_subj.531,2.3818566632141973,0.070472701794122489,2.2484980250812305,2.3332415789461702,2.3803868966908253,2.4293106024339033,2.5211012757418447,0.00069517841463503851
a_subj.533,1.7316097026989694,0.047914736341853288,1.6410406684535022,1.6988577962443614,1.7307687639517364,1.7637475657861452,1.8278931933966371,0.00046591294982881924
a_subj.534,1.656155600700874,0.046175682630220719,1.5685088973154477,1.6245313145569025,1.6545292993175353,1.6859667125800204,1.7500690648364454,0.00045424728326429127
a_subj.535,2.1423457203023233,0.060541450641516198,2.0268478015852103,2.1008899634672895,2.1413573206249934,2.1820859649912578,2.2636156908863869,0.00054600012019211087
a_subj.536,1.6334499560990619,0.046863065522678743,1.5451104801702973,1.6013776679129204,1.6328378518297006,1.6637925596578054,1.727636433020828,0.00046347090937472462
a_subj.537,2.3247689856419349,0.066635737019197838,2.1989954843602382,2.2789411396600876,2.3232192320804073,2.3684273999850602,2.4601158420855453,0.00059647588844651792
a_subj.538,1.7886489578525173,0.051200600909965824,1.6915749981681723,1.7532778575431869,1.787547198670417,1.8222293031191752,1.8918513130014865,0.00044654014825355807
a_subj.539,1.7962396344073672,0.053843964022920972,1.6944774324536218,1.7589954529999778,1.7951965774517911,1.8314506276046518,1.9058057967113629,0.00048954822351663437
a_subj.541,2.0073334033261037,0.057378258572069567,1.8982860781238891,1.9686407739832303,2.0060785550024329,2.0446416466877326,2.1249432345923118,0.00051257664012540911
a_subj.542,2.2326193949487219,0.064134235897541858,2.1105989764315973,2.1886985133945904,2.2311512896716037,2.2746662596719904,2.3629810143796721,0.00057587160606091233
t,0.48831383469061596,0.025233867270936735,0.44137834112545637,0.47126409258544638,0.48734622281347328,0.50465643687844031,0.540509280449467,0.00021648056040223302
t_std,0.15639969505613652,0.021177923376296332,0.12134634698341529,0.14139171876294465,0.15409634272397948,0.16876420586162022,0.20438584392562312,0.00020017636618366498
t_subj.501,0.48224880006386295,0.0087711323937805907,0.4630442488021882,0.47680764391623903,0.4829793937605934,0.48852352579018521,0.49719450584470276,9.1108427995780997e-05
t_subj.502,0.42129292117475081,0.0070340394213477793,0.40564184928786756,0.41700494291308199,0.42189857166041989,0.42632829493230934,0.43313646778829135,6.7945491595374651e-05
t_subj.503,0.48246259802095787,0.010583563003788019,0.45977046722464426,0.47573587686583202,0.48317120057706853,0.48989211241595093,0.50142838553775038,0.00010263126276956803
t_subj.504,0.24972406894334798,0.008262248927542043,0.23206834532885301,0.24455021564238444,0.25032054635401146,0.25554895736558364,0.26419359791583857,7.4717243241892445e-05
t_subj.505,0.45607915476543925,0.0080744956683471286,0.43843360350303107,0.45109712670241492,0.45677782338641171,0.46181625657875347,0.47002069896167487,7.6478015420957529e-05
t_subj.506,0.45839382804637085,0.0091779216373039756,0.43779812612784003,0.45283252627015791,0.45926950232354891,0.46493619422843019,0.47380943968337119,8.12582324112623e-05
t_subj.507,0.65489556015002393,0.0074003364934095012,0.63889482789992114,0.6502954962450177,0.65549596370962515,0.66008344489776871,0.66785625147613858,6.7418314735037834e-05
t_subj.508,0.5422619637810373,0.0099405321495178462,0.52030472445614062,0.53620398802730307,0.54325218233673733,0.54926868304766807,0.55890495186476785,8.7604814489958846e-05
t_subj.509,0.50566929823401763,0.0095725414518392227,0.48492202928865602,0.49971958081184964,0.50639277208239264,0.51248663399005479,0.5221681784541129,0.00011761249960670502
t_subj.510,0.5267313548354432,0.019552457792097779,0.48498718109834232,0.5142729419737031,0.52793726984598477,0.5403694949919533,0.56170434525538915,0.00018306281249379124
t_subj.511,0.45164223418233856,0.013258995943455082,0.423270492126194,0.44315386541909091,0.45254363583100954,0.46106340765463583,0.47505632636062139,0.00012358233062382537
t_subj.512,0.5353031749347984,0.0084056834583405987,0.51669432402371418,0.53012416197678258,0.53607086661460257,0.54125258620722827,0.54956043060370618,8.4194533805908195e-05
t_subj.513,0.50698740721517521,0.014336212897700153,0.47638968839365209,0.49793539902779832,0.50815886370239172,0.51719307911975376,0.53199376076702176,0.00014242825645231229
t_subj.514,0.56912584739976213,0.016629507891629678,0.53385844178976694,0.55840072797858753,0.57021215798905289,0.58097040638425101,0.59862180779875596,0.00016927560951329369
t_subj.515,0.51852260736406697,0.014799451413006736,0.48640751973888136,0.50929134159981826,0.51972975450033976,0.52892476886875661,0.54435807533013447,0.00013897377579711066
t_subj.516,0.41519738293384861,0.0095526984408564712,0.3938112400349143,0.40946497327754311,0.41617712053520417,0.42196839214022452,0.43117473619152741,8.5440014777159187e-05
t_subj.517,0.46358888341705812,0.0084830577753015873,0.44454711822245307,0.45831526828886926,0.46445035267094864,0.46966847353679703,0.47792017951096277,8.2403524624331882e-05
t_subj.518,0.55731804591896128,0.0099636184460570789,0.53626951851475113,0.55098818475008871,0.55801530237103747,0.5642772910920435,0.57505234066412492,0.00010202968811138854
t_subj.519,0.50319450493931717,0.0093174592643460678,0.48325723724275543,0.49718359419163316,0.50376666525023883,0.50971419432634524,0.51984298271552432,8.591823322195153e-05
t_subj.521,0.54723395302238353,0.014782717179316065,0.51568384592282734,0.53792738166991294,0.54809114312133134,0.55766883748430396,0.57373585505389235,0.00014609826006958517
t_subj.522,0.21791984615670959,0.011279559891418135,0.19299880263794597,0.21094362540347358,0.21895549363691236,0.22581933234350055,0.23699019220524417,0.00011715525735523609
t_subj.523,0.64073543271352429,0.01004606213854929,0.61915197995247517,0.63441707430075145,0.64146130294237247,0.64783605334109451,0.65836107529810906,9.7248973542587639e-05
t_subj.524,0.64280015488106479,0.013696269192869618,0.61257422662042127,0.63449881301874389,0.64400175038822005,0.65257897835988388,0.66591837871382309,0.00012707548888978983
t_subj.525,0.071817778977468938,0.00884294450841824,0.05287838460271823,0.066094537294242417,0.072414592193348865,0.078054715308407754,0.087468915820270499,7.0787216519927989e-05
t_subj.526,0.47264560325508842,0.0095778723480814468,0.45166995561349588,0.46668995359203652,0.47336452482842284,0.47942734288571659,0.48922797006840518,0.00010196076301954339
t_subj.527,0.48308365310261459,0.011496456963945348,0.4582550170795372,0.47586169041383969,0.48392542530106569,0.49122179543169114,0.50299587639724619,0.00010768257977837282
t_subj.528,0.48413333625792682,0.00984637272495314,0.462977344668838,0.47789168135016485,0.48486841873631931,0.49115439293076157,0.50100185452066059,9.1602494048418056e-05
t_subj.530,0.42964014878492962,0.0072138198511060578,0.41355622056528479,0.42534154988871131,0.43038119278469139,0.43473942787303199,0.44137213940552156,7.1978230111519813e-05
t_subj.531,0.55823086860102733,0.018097161627828495,0.51975834586257674,0.546719536044734,0.55939823688146639,0.57080701195219585,0.59051089222023134,0.00014730215328196691
t_subj.533,0.44685863970455481,0.007759109696629571,0.42961014779991957,0.44214362464899054,0.44754307754199202,0.45240593791643458,0.46005938806985058,7.4742266494071206e-05
t_subj.534,0.45878050898703338,0.0076989090153569591,0.44210765052612372,0.45394488722031168,0.45939639995522252,0.46419502629615061,0.4720651361799042,7.2185367540334783e-05
t_subj.535,0.48851574699948952,0.0095878683712275186,0.46778689854915245,0.48258181995416083,0.48931177448200253,0.49537210526176595,0.50476327267841881,8.7921577261937769e-05
t_subj.536,0.51501382719712174,0.008751698560458418,0.49629700964558537,0.50948787304391085,0.51562006528479709,0.52122437043956393,0.53027601645169509,8.7942871231550072e-05
t_subj.537,0.56951342328821764,0.012623499756574501,0.54147979558110149,0.56178968104674121,0.57069149463257363,0.57851149590652051,0.59113842934221705,0.0001110835924941695
t_subj.538,0.55831280476155798,0.0079505005445421103,0.54141732999598324,0.55326271671479665,0.55907344832612138,0.56395404151219519,0.5719405099649929,7.0542961422899751e-05
t_subj.539,0.59116045567143272,0.0094090098843464913,0.57087335536972161,0.58517635381411692,0.59178384366619596,0.59776579343532865,0.6078344521416793,9.2653687129832846e-05
t_subj.541,0.59674263658746529,0.013071445630733508,0.56883658835488737,0.58834577381475905,0.59770496110410931,0.60603045221040863,0.61953127925568807,0.00012032793136001014
t_subj.542,0.43854167938101291,0.010391111341865497,0.41609538350784314,0.43216154341017443,0.43955471877095342,0.44592565678876817,0.45603754013280129,8.4666920614178212e-05
v_Intercept,0.059356183408158625,0.033578588702189563,-0.0070326425530035722,0.037275784667790211,0.059209776815017802,0.08160823315803617,0.12539338574078518,0.00044514833588732747
v_Intercept_std,0.19285100601463961,0.02625124092357136,0.14869745610103191,0.17406278103432249,0.19033741339491769,0.20892294311964812,0.25081699243478217,0.00024506686093256146
v_Intercept_subj.501,-0.14733418621763109,0.064291718176055432,-0.27542583130219073,-0.19055492058039597,-0.14665320141203336,-0.10389006424895109,-0.023082888765567577,0.00071528731077203907
v_Intercept_subj.502,0.092896827919256728,0.06471317866527504,-0.034623549619621677,0.049235534087113689,0.09327735135083548,0.13630658539768098,0.22114063116998584,0.00063939734307975047
v_Intercept_subj.503,0.060993845034168472,0.06209283123218489,-0.060658178111442369,0.019579676615766636,0.060254679147835097,0.10318306216885165,0.18371964366726731,0.00074932418309730294
v_Intercept_subj.504,0.26418411728300656,0.070801204267221418,0.12483784083840012,0.21646308673409542,0.26417634381824029,0.31158711447822002,0.40398486424640251,0.00075499748087395717
v_Intercept_subj.505,0.25002864305492734,0.064746403199699071,0.12302791397547762,0.20628849785751127,0.24998759077520377,0.29299371542618319,0.37805578867518175,0.0007458364780439672
v_Intercept_subj.506,0.11506913984316904,0.058245174097997593,0.0020357047054865435,0.075581842577485708,0.11469758827599615,0.15499843697026777,0.22854441593838654,0.0006115984554914257
v_Intercept_subj.507,-0.0031009341067265114,0.070865280185807497,-0.14170123066136434,-0.050839072691707982,-0.0032733358637639931,0.045396818525310134,0.13569499438812915,0.00064209005873266912
v_Intercept_subj.508,0.17035019119099673,0.060867104149129062,0.052339787810758903,0.12862108474969003,0.16990820319691569,0.21172039038111967,0.2894787678326457,0.00065450140807900216
v_Intercept_subj.509,0.33644346657438162,0.066505745643016312,0.20791500474362812,0.29179797463189638,0.33664244484255029,0.38131042586161668,0.46636656446137487,0.00070247984428400848
v_Intercept_subj.510,0.081598885205725141,0.0497842450851671,-0.015673159936692056,0.047596095754258626,0.081145534433793381,0.11520092294139492,0.1784158973424059,0.00055943300482341263
v_Intercept_subj.511,-0.038770803464187271,0.057161610208544086,-0.15132674536221907,-0.077104322248627288,-0.038968520753435876,-0.0001849762650561193,0.074514047527900806,0.00059186414769251869
v_Intercept_subj.512,0.19130543525586316,0.066879182093261491,0.05985341962870025,0.14542952311147425,0.19092793381094333,0.23710334169814923,0.32193119586998692,0.00075068434210478205
v_Intercept_subj.513,0.35629754988536133,0.055460479376996545,0.24888533732315909,0.31885587961139555,0.35527548598658526,0.39366057377765368,0.46482778716739059,0.00052853326081491662
v_Intercept_subj.514,0.0021793216811622496,0.053254346910119557,-0.10235182380438188,-0.033371693631237598,0.0024291029049212098,0.038286993184910897,0.10563194297186911,0.00054612221417213891
v_Intercept_subj.515,-0.26718167709064389,0.055912571858737839,-0.37811166362044457,-0.30469849767099322,-0.26690873640613849,-0.22922681604911566,-0.1578096722601447,0.0006220603740205332
v_Intercept_subj.516,0.02042259212843171,0.056294109267390841,-0.089740820828794449,-0.017367512831078215,0.020178877803373269,0.059100176079188993,0.12959768684539158,0.00057107589146703094
v_Intercept_subj.517,-0.064255881227054445,0.063306670272667245,-0.18874299381214626,-0.10757096691261811,-0.064498935264737794,-0.021359494425334177,0.059682853632496147,0.00056453320782154934
v_Intercept_subj.518,-0.07648589723040318,0.066560050193428519,-0.20600139370936105,-0.12093475993402947,-0.076622296490333447,-0.031026996267389279,0.052108386135586549,0.00065643526480799815
v_Intercept_subj.519,-0.065379734225961772,0.071164577226027356,-0.20451478158243463,-0.11358585316815778,-0.064799824804427669,-0.018291072012333653,0.075345402513169735,0.00069062817668505134
v_Intercept_subj.521,0.2898273468759624,0.059101052758655993,0.17369146111729902,0.24953571393034107,0.28991359046086623,0.33012850376595504,0.40633548075926923,0.0006377553443072954
v_Intercept_subj.522,0.015566977846675545,0.049060938156687585,-0.07995441939233755,-0.017884124217613984,0.015365544076978252,0.049045693618918099,0.11195621603834054,0.00050389699369706332
v_Intercept_subj.523,-0.074280559937460161,0.065556335746390387,-0.20384559466801699,-0.11831739176025408,-0.074177873298906627,-0.029140408749241981,0.052979823338850707,0.00067632441810329511
v_Intercept_subj.524,0.18281840779926717,0.051446963755703186,0.081943839034120336,0.14775135330635492,0.18317898007960204,0.21760456338284828,0.28368583126063596,0.00060883125593325809
v_Intercept_subj.525,-0.10913366176033634,0.051850678930706225,-0.21162663795543257,-0.14373200008854772,-0.10936140559330107,-0.074291005512084576,-0.0075781120546527247,0.0005397186309651032
v_Intercept_subj.526,0.49525274276017972,0.07088696518486666,0.35529522544729708,0.44718377699958417,0.49538872894089525,0.5420814913891292,0.63458592440714212,0.00088320160495319639
v_Intercept_subj.527,0.0073314989161903715,0.060127397607159509,-0.11269996474824975,-0.032532559695797283,0.0076621157979897166,0.047598187271365403,0.12575026723277935,0.00057835086239751217
v_Intercept_subj.528,0.18574000446943392,0.063684931949895371,0.059625137361105709,0.14297057811939237,0.18562203754839995,0.22873499292302293,0.3107431271247188,0.00067792979372442892
v_Intercept_subj.530,-0.15181544377021727,0.069792239796352976,-0.28918560614841365,-0.19877775306921344,-0.15120318168588209,-0.10500069015462804,-0.014778141798212352,0.00073141691561499846
v_Intercept_subj.531,-0.041885641392966383,0.052269139233478541,-0.14496889280119785,-0.07704617600564892,-0.041972522652238817,-0.0066911678992656876,0.060255882918988979,0.00055866694975058545
v_Intercept_subj.533,-0.06802215840496359,0.068840971631018599,-0.20154871959509585,-0.11522237510786679,-0.06882249638311233,-0.021830364469377417,0.06476529634719741,0.00073774510020956476
v_Intercept_subj.534,0.013777358419744701,0.071287370453373369,-0.12451394552043418,-0.034638552044549145,0.014127405233928914,0.062294335992118241,0.15354355233141603,0.00067894199254933088
v_Intercept_subj.535,0.22513501648200834,0.058789392750695779,0.11005827091733794,0.18525716881381746,0.22532858821090501,0.26469564426723724,0.34000445726357609,0.00059980379534138508
v_Intercept_subj.536,0.067503941234232312,0.071194413977314894,-0.072125450307256728,0.020160189065492912,0.067099919185888202,0.11499924903351744,0.20846655032045808,0.00069259106314076171
v_Intercept_subj.537,-0.013926116912956152,0.054310580828364534,-0.12007066364113977,-0.050120064168417307,-0.014747636797374147,0.022610274042053957,0.093997490089671273,0.0005592896214902819
v_Intercept_subj.538,-0.26788296260811417,0.068985928357459675,-0.40479390415134753,-0.31400850038874495,-0.26812944020361035,-0.22081348852028213,-0.1348053911728313,0.00064776216782572616
v_Intercept_subj.539,0.33910426524238546,0.068856472655979883,0.20582563159126796,0.29175729498088299,0.3395956952391192,0.38519671097160696,0.4740392627269342,0.00075917594684418005
v_Intercept_subj.541,-0.090942754027333469,0.060370545535110898,-0.21056635767717941,-0.13156989567592775,-0.090647849410869369,-0.050569585558899205,0.028280824271804117,0.00061439808337486739
v_Intercept_subj.542,-0.041531732640768738,0.056352290142860348,-0.15094168787773629,-0.079862023286272926,-0.041609965874896543,-0.0028615650756541738,0.067920506097690569,0.00065448742622600527
v_stim,1.445501691877505,0.06223584498867455,1.324658726122935,1.4035796297590351,1.4447118341271137,1.4865875372453543,1.5693539941533348,0.00059929155958469396
v_stim_std,0.35762316802792299,0.050021881983595147,0.2736913351805712,0.32203541373101741,0.35355363321338507,0.38787821958178326,0.46910740212574203,0.00052354398312343575
v_stim_subj.501,1.3773817951981018,0.12508805060542871,1.1309045183897293,1.2934730953264189,1.3792104996614911,1.4617653312743237,1.6162297344509997,0.0010541879217483374
v_stim_subj.502,1.7356755803882706,0.14115684565252976,1.4579801750417434,1.639990147796538,1.7358107035773473,1.8313219465786013,2.0138906562590044,0.0012201595829520796
v_stim_subj.503,1.8910878906009096,0.14267681385746528,1.6102469796416656,1.7960894532684875,1.8894560335145911,1.986403924813406,2.1735676284579974,0.001212865939210874
v_stim_subj.504,0.73162565993246653,0.11730548697758862,0.50165277991869195,0.65227246698541008,0.73183813098305917,0.81115668517477624,0.96215860332687964,0.00098928675650668979
v_stim_subj.505,2.1675677535921154,0.16064598453058898,1.855936564726048,2.0595241976561822,2.1662808752801372,2.2765545964149685,2.4841427734343209,0.0015505500978255876
v_stim_subj.506,0.97319933638983558,0.10388830460149823,0.77232916443852995,0.9021061601215945,0.97208988009076058,1.0433547660093567,1.176869041729812,0.00091940190298454567
v_stim_subj.507,1.883947297013489,0.1502451572207027,1.5930903094851674,1.7821176883805483,1.883471676517855,1.9853638421659914,2.1809667967479092,0.0012362991730897929
v_stim_subj.508,1.3615611113655295,0.12347288244572827,1.1215786281908875,1.2787391671275892,1.3616197958156142,1.4442135707912269,1.6056406144794408,0.0010392492213865448
v_stim_subj.509,1.9156171337835668,0.14546254123989816,1.6357453084694087,1.8161840817829853,1.9131716148131888,2.0132223438402734,2.2064386992155152,0.0013287121242331304
v_stim_subj.510,1.2937928486379333,0.10719268123962318,1.0827510402001481,1.2216178053922189,1.2940513353164789,1.3657613915897002,1.5042615355818081,0.00088345898648842149
v_stim_subj.511,1.7584294455677645,0.13352721340041454,1.4955280103742368,1.6693835900247238,1.7584675684076141,1.8474285848638667,2.019163894884187,0.0012285925261871771
v_stim_subj.512,1.5623167948671179,0.13768047133994074,1.2912029960355513,1.4708919697375455,1.5619194135131098,1.6545149848101208,1.8335953910478959,0.0010332045570912263
v_stim_subj.513,1.2324745970680429,0.10699352703557993,1.0241735487924026,1.1597431454902263,1.233228162187797,1.3054000591471067,1.4423451092031436,0.0008611937601002023
v_stim_subj.514,0.93281846419474845,0.1012461287557837,0.73659772402024037,0.8638951684621311,0.93277443357979095,1.0019044400251851,1.1310767366919394,0.00086207775249227037
v_stim_subj.515,1.6386428304373726,0.12609056629915172,1.394296245591734,1.554181259265683,1.6383202993779027,1.7242903025828518,1.8858086081109204,0.0011168841598354908
v_stim_subj.516,0.9091711442371111,0.099998274547147825,0.71396044583675644,0.84229552351294312,0.90994806140682583,0.97607071313602534,1.1048099164545295,0.00087009929027175893
v_stim_subj.517,1.3635036538270344,0.12088196305629156,1.1306979294515709,1.2814418511256409,1.3639741041342539,1.4466497443847777,1.5992224999813534,0.001125144133102825
v_stim_subj.518,1.306157972483907,0.12360893697507304,1.0626555519719671,1.2223759813567225,1.3071626259182321,1.3911998863397739,1.5485517748602682,0.00099952563261000108
v_stim_subj.519,1.6504092513979289,0.14487099727984817,1.3642499567911672,1.5536471254984257,1.650801228170883,1.7474484429721169,1.9366349719408171,0.0012808413371960933
v_stim_subj.521,1.2143512388771314,0.11585862524529404,0.98886185042595154,1.1363015465974924,1.2132975796677652,1.292366992099538,1.4411100434140112,0.00091974849230072684
v_stim_subj.522,1.1888264981544701,0.098208491239347037,0.99743775822523451,1.1210846901315854,1.1896776913265428,1.2556163471369328,1.3818750582737738,0.00079009387399969744
v_stim_subj.523,1.2554953119208625,0.12620705129850376,1.0122695977272267,1.170099520108719,1.2552840351202585,1.3403017942256252,1.5044690892843029,0.0010913985615096477
v_stim_subj.524,1.1921877523143016,0.10064461958427816,0.99209492702611035,1.1242125010407467,1.1923274765013629,1.2596605325276369,1.3890661362547085,0.00088160473146626595
v_stim_subj.525,1.0758540637294887,0.096736552536355894,0.88511010490280284,1.0110121035399948,1.0758596738673518,1.1408021731571834,1.2655879747067384,0.0008360367926829841
v_stim_subj.526,1.5211566210623515,0.13493789496069852,1.257782062154706,1.4294072115532523,1.5211966276988613,1.6131243359803504,1.7873595864784453,0.0011437513417381644
v_stim_subj.527,1.6817664373938024,0.12995539716586257,1.4303117037679691,1.5927433631711534,1.6802773289643915,1.7708816669144061,1.9375027411287862,0.0011140693698173786
v_stim_subj.528,1.548622926891702,0.13595044820731925,1.2842015574002241,1.4578747673667651,1.5467565679349307,1.6388155455253222,1.8164964073663734,0.001083613552523593
v_stim_subj.530,0.99423406555665994,0.12556001056976854,0.74672039414429081,0.90988546782769131,0.99533006667926782,1.0781181483228726,1.2389200167183765,0.001000862108155213
v_stim_subj.531,1.4058086584448259,0.11591305685877124,1.1766947453285783,1.3266138759635839,1.4064145376401029,1.4842716983837845,1.6315394941555998,0.0010181292959803589
v_stim_subj.533,1.6520106986967413,0.14057714640099131,1.3789944577607558,1.5556541929019605,1.6512238890668547,1.7452145196482693,1.9281024966129574,0.0013633352433376556
v_stim_subj.534,1.5758150405210456,0.14700893372172505,1.2897210576412057,1.4761942959791561,1.5759936773158529,1.6751328025594883,1.8642818335350717,0.0014506901253651381
v_stim_subj.535,1.5338388276777133,0.12253198146634096,1.295920021245675,1.4520968382694215,1.5329630405040864,1.6168064361632029,1.7706193130135239,0.0011967510244953799
v_stim_subj.536,1.6836923838754279,0.14902880234677116,1.3969962345048725,1.5824250413882355,1.6840296716899001,1.7840840853323647,1.9694994121016411,0.0010312220262267847
v_stim_subj.537,1.5614605433248465,0.11974061024384716,1.3296381831360975,1.4789782453646669,1.5611081131144946,1.641573051507478,1.7978214540887361,0.0010291466036150289
v_stim_subj.538,1.8271908020082892,0.14491356361635585,1.5476983478763504,1.7291030651983699,1.8263988049593036,1.9245157499804686,2.1171855806608857,0.0012433394044894656
v_stim_subj.539,1.7162321873952897,0.14004982894619478,1.4465267056345774,1.6198747965307787,1.71482550373778,1.8106245380555159,1.9935592503497692,0.0011220378560543298
v_stim_subj.541,1.2231535612002298,0.11392079945244936,0.99904094363873919,1.1467248523061087,1.2224651643772924,1.3015499869979448,1.4450514917927282,0.0010714660460012793
v_stim_subj.542,1.3982684633620552,0.11513340769569438,1.1720651808964617,1.3206366547949908,1.3995558794651588,1.4771990950291802,1.6202675849809172,0.00098925699597588769
v_condition,0.048216123659228879,0.023806723024600129,0.00039541269350106684,0.032767950065513744,0.048318167947940707,0.063901282475992111,0.094630714587969664,0.000308050091367969
v_condition_std,0.10421712506379678,0.025494480533608907,0.056656466843690106,0.086900589521337418,0.10349227902100494,0.12052070250969102,0.15677805472432904,0.00053559545609008468
v_condition_subj.501,0.11793880201390951,0.07082964543921981,-0.014120900470435488,0.069285268452088974,0.11586922576186341,0.16500991714249974,0.2625511007664213,0.00080009591662118739
v_condition_subj.502,-0.045613564789781569,0.074324152473702082,-0.19683808760490373,-0.095153720444016321,-0.04339016920473765,0.0048513428727357533,0.094950530180657577,0.00088054405584312258
v_condition_subj.503,0.058403000905302094,0.067730864734848836,-0.074125849375660843,0.013563563181956478,0.057557734478616493,0.10361189369414348,0.1919016487135039,0.00072056783038395677
v_condition_subj.504,0.30515295669406911,0.1014454371712404,0.11759298445679162,0.23412131730712499,0.30268222507507225,0.37234714983321393,0.51033868132961913,0.0019982050208680003
v_condition_subj.505,0.018211009226370849,0.071260117349646337,-0.12483664973526337,-0.02874058600893499,0.01921056072396865,0.06607195402464755,0.15559623515443483,0.00068467458625782085
v_condition_subj.506,0.027419928062282172,0.067599667157540094,-0.1085884352089692,-0.017151761738309235,0.02754061844845148,0.071841113086296274,0.15954937046252449,0.0005818886576787497
v_condition_subj.507,0.040809967007642341,0.073413725716444542,-0.10449248801081898,-0.0069265203370871761,0.04118794258649866,0.089796215508808508,0.18587155111194947,0.0006132512057689353
v_condition_subj.508,-0.047405212411271734,0.069758469430345305,-0.18811991741257592,-0.093727965352957354,-0.045303238381273897,0.00074618258967004691,0.084918796099384353,0.00092055605455782907
v_condition_subj.509,0.20247743168782539,0.083893156337938257,0.048077452613292881,0.14364185230871762,0.20009145188110103,0.25834860190059677,0.37404972452024299,0.0012893905043161158
v_condition_subj.510,0.00064369206693026901,0.059314736446302634,-0.1176448906720137,-0.038186148488559932,0.0010526019601766468,0.040414546607907748,0.1153105905432385,0.00066775987236976126
v_condition_subj.511,0.055960024217526959,0.064936349034044577,-0.070515838678094619,0.012193280080327135,0.055283137132350932,0.098588019115652237,0.18435514619533147,0.00065017374849472571
v_condition_subj.512,-0.04507685793602214,0.077561010121494176,-0.20197110242941288,-0.096589082668143367,-0.042734101114159206,0.0085777961505469347,0.10089680176219562,0.00095956047649269451
v_condition_subj.513,-0.037739985494718312,0.062879220902186034,-0.16531494730939633,-0.079122919942509889,-0.036224343639353333,0.0052609819333591379,0.081527417635388094,0.00071426897893257281
v_condition_subj.514,0.016364108411826776,0.062540069033470119,-0.10899805329980812,-0.025242882835366021,0.017159761061953605,0.058192677101262469,0.13778272777359468,0.00055349336771523614
v_condition_subj.515,0.041653819070049392,0.063338272825188141,-0.082255864147957394,-0.00056348367134305757,0.041001515831446692,0.084276435227406368,0.16783432032291082,0.00060902057674677354
v_condition_subj.516,0.021315283897218242,0.065048957613524985,-0.10773979787981007,-0.021526196205347403,0.021614564314618973,0.064883668226455582,0.14986827691813823,0.00062277010936057878
v_condition_subj.517,0.054927060383255046,0.068657998661568409,-0.078521508335852044,0.0088216696887878643,0.055076400548195598,0.10090285706530142,0.19271390133541119,0.00065801658683741437
v_condition_subj.518,0.02876185955399635,0.072719561545609268,-0.11652391553185634,-0.01885132500443551,0.028958173323975656,0.077434158326417757,0.17102900125059084,0.0006598872693111636
v_condition_subj.519,-0.10797019497326929,0.085917002194106015,-0.28203214540589983,-0.16501734389241796,-0.10456721876535779,-0.047052228481720179,0.049815035693512505,0.0012831295286750701
v_condition_subj.521,-0.055717906710735607,0.069673494017293253,-0.19752324490558618,-0.10190186660787617,-0.05474324045686866,-0.0071851625752518411,0.075227263149233392,0.00083840400058866405
v_condition_subj.522,0.077457457181931491,0.058898809969496209,-0.037334609029754662,0.03771664611666517,0.077099538757954902,0.11595618624285531,0.19431664302171972,0.00051470787756272257
v_condition_subj.523,0.015785701521439585,0.070891784387791382,-0.1294776910201392,-0.031254228508841436,0.017274944936462977,0.06304833440796645,0.1536127569806231,0.00065872108765454359
v_condition_subj.524,0.073262220357529745,0.061374220046472569,-0.045999116400711498,0.031646647250705734,0.073610232239466736,0.11429334586448085,0.19613569288329502,0.00061099572682566348
v_condition_subj.525,0.14915523630476238,0.063554324698999048,0.028502249175158395,0.10583651316247085,0.14793248618140392,0.19172116501354391,0.27512713426327279,0.0007570210277154832
v_condition_subj.526,0.028417790979406138,0.074558554887544162,-0.12163450392021652,-0.020390431717820096,0.029988708683487589,0.077739904656866948,0.17292918011448269,0.00073431950071715208
v_condition_subj.527,0.049855217976945913,0.066729177153816405,-0.081566628270628189,0.0048094844751612187,0.04951916343156032,0.094323832964697749,0.18112442027440717,0.00056727248804326906
v_condition_subj.528,0.035118668712752169,0.068183022931390627,-0.098452629984846829,-0.011122036214800492,0.035737705690546157,0.081053558710306048,0.16639392555573224,0.00058921167638361803
v_condition_subj.530,0.15228032939758537,0.081111610317119623,0.00033946143120658356,0.096733221787950296,0.14995506407527581,0.20447409782578246,0.31942157398109777,0.0010655633733518263
v_condition_subj.531,0.017699176583982165,0.061569645625489354,-0.10528988439221448,-0.022606114479414005,0.01838961305852882,0.059107733254404542,0.13757547216419483,0.00060978722616533308
v_condition_subj.533,0.042552631096191715,0.073196133282936809,-0.10283702335429974,-0.0059624670540546626,0.043164038810874786,0.090925107516140094,0.18654434725733415,0.00068232727945587547
v_condition_subj.534,0.03383312023070946,0.074940447887620568,-0.11402684037183439,-0.015473271415200218,0.033588612397361994,0.083712499617529024,0.17970491726006899,0.00067577052487874617
v_condition_subj.535,-0.0065489995746617641,0.06737783334775424,-0.14157084192924507,-0.051379016704699645,-0.0057990248386988463,0.039756462148995197,0.12152619078597773,0.00078299980669989649
v_condition_subj.536,0.056913586691163323,0.073976242490933139,-0.090034148576881134,0.0078284646704178812,0.056368583810058687,0.10437029563375907,0.20540523696148436,0.00065351411791132307
v_condition_subj.537,0.070238729311458012,0.062841850611866021,-0.053005439750448427,0.028510741137536669,0.069405067108401816,0.11192625242831096,0.19524656737380552,0.00055252574967059687
v_condition_subj.538,0.081822378137703086,0.072850163939598978,-0.059081914081521567,0.033581460953148998,0.081657092154016953,0.12988617559214921,0.22662263426170834,0.00075772044434310726
v_condition_subj.539,0.10418792049419412,0.074301857880355718,-0.03774205317908487,0.054361116719478811,0.10202941306632457,0.15306531062488585,0.25326726482765038,0.000772882626445495
v_condition_subj.541,0.056462420605358658,0.067880458256499729,-0.075980634963500646,0.011404077481663485,0.055713099028434229,0.10114227985963825,0.19116153640372685,0.00067983188561282449
v_condition_subj.542,0.14375829667667903,0.069046693824688671,0.015533861412223161,0.096531490205025314,0.14157361059421214,0.18825985189207933,0.28488501209062855,0.00073653178266780558
z_Intercept,0.029258162863892771,0.0065509503006877176,0.017299175352481783,0.023652927929169905,0.029002930674221303,0.033577685269838793,0.043303157751356972,0.00061512996643080296
z_Intercept_std,0.040548167860520033,0.032755436947842095,0.0003952665505941449,0.014383882534978468,0.033014635420633279,0.060440466651576902,0.11902626786731331,0.0021665335026994715
z_Intercept_subj.501,0.029176753848009693,0.0066904134528617074,0.017199794032050401,0.023645642496690628,0.028837513466991878,0.033586639656535529,0.04352433233844117,0.00061235216433102593
z_Intercept_subj.502,0.029203194478181364,0.0066978874648114146,0.017013380363848488,0.023652411921066475,0.028813635854973308,0.03359774769457783,0.043489503587687807,0.0006122985430227503
z_Intercept_subj.503,0.029275454576753703,0.0067490271493942343,0.017074654574939514,0.023655957168362312,0.028928591411686137,0.033695171058393182,0.043681160660414151,0.00061687171928098163
z_Intercept_subj.504,0.029181987385720073,0.0066817144404507098,0.017090441410952815,0.023645546429868387,0.02882275794267046,0.033576120407103213,0.043437901109915709,0.00061167927934282595
z_Intercept_subj.505,0.029191684181521769,0.0066919970663497606,0.017122910919878047,0.023648164279953535,0.028863545856079791,0.033555421880692528,0.043516765353990142,0.00061154918147369054
z_Intercept_subj.506,0.029271774682557795,0.006733895141730035,0.017061583186068961,0.02364512309973003,0.028905427003490722,0.03379184515084236,0.043622743687912226,0.00061571062160203807
z_Intercept_subj.507,0.029285991483156901,0.0067001236821244365,0.017244925492581602,0.023671710093184292,0.028907103633800457,0.03368868133582132,0.043628368232739405,0.00061257991341005249
z_Intercept_subj.508,0.029215833836493246,0.0066958047786680351,0.017131042831565503,0.023656474545299625,0.028808925942601718,0.033664351088324773,0.043480716768125392,0.00061245945531151385
z_Intercept_subj.509,0.02933284872122191,0.0067707796479925522,0.017116210160021763,0.023655310920601309,0.029002392719664719,0.033768528085332608,0.043623571465011751,0.00061874361428493677
z_Intercept_subj.510,0.029235586882421699,0.0066996746296254647,0.017098345853415093,0.023670956051071487,0.028916041624909794,0.033649781897215791,0.043545209658401654,0.00061280006382280559
z_Intercept_subj.511,0.02922747895996957,0.0067120184310296765,0.017089923310747886,0.023658155547305458,0.028850626283803586,0.033615642332376329,0.043529679948742975,0.00061443206683967533
z_Intercept_subj.512,0.029245292339579572,0.006703567862178527,0.017155873434659279,0.023656626396681667,0.028849369157136533,0.033681130166361845,0.043597141050835557,0.00061411960898272383
z_Intercept_subj.513,0.029348416148607358,0.0067619829366274923,0.017292304609465799,0.023671576537575605,0.029035487333420075,0.033752876190572684,0.043716835920549285,0.00061779832825739958
z_Intercept_subj.514,0.029419421060033549,0.0068105318208602338,0.017356184204364928,0.023682526544390597,0.028985432287324212,0.033896190506923378,0.043799807950282883,0.00062173419500425849
z_Intercept_subj.515,0.02919616283239097,0.0066989387324242321,0.017129577576622076,0.023649404929065213,0.0288272141739877,0.033640776780565027,0.043499852885515257,0.00061406181734041296
z_Intercept_subj.516,0.029267256971064332,0.006739941032803406,0.017136560903447326,0.023653170285992356,0.02886653225674286,0.033725850068952561,0.043549878658368721,0.00061770207054415616
z_Intercept_subj.517,0.029254356138692723,0.0067247042724649176,0.017165080783977105,0.023662261758311025,0.028825438000636913,0.033631346460131661,0.043532166343951219,0.00061527753194981038
z_Intercept_subj.518,0.029182839257008743,0.0067150785726199889,0.017044122848678903,0.023646167109775171,0.028750933310014801,0.033556725114209526,0.043529672510266175,0.00061426530563549338
z_Intercept_subj.519,0.029257630331649531,0.0067177995914681869,0.017225720790977093,0.02365697858481277,0.028903305863651821,0.033704826743998044,0.043584343234058201,0.00061503130436346112
z_Intercept_subj.521,0.02936342808403768,0.0067618589640718561,0.017284097145716642,0.023667303016651733,0.02901772232195754,0.03378592986646959,0.043739672407011404,0.00061888383903049501
z_Intercept_subj.522,0.029254914279537508,0.0067160187632758278,0.017203844759077467,0.023651773589138284,0.02884870946607514,0.0336577435305273,0.043677205741458995,0.00061463909481508498
z_Intercept_subj.523,0.029255600363856004,0.006719981411169332,0.01721966639972855,0.023658276870262309,0.028929766037182173,0.033668767972677704,0.043526117873056082,0.0006148625172028709
z_Intercept_subj.524,0.029179316353117032,0.0066835898279465535,0.017070647229113133,0.023647981520365999,0.028786856691158401,0.033542914433378444,0.043533492572878543,0.00061134264182528646
z_Intercept_subj.525,0.029311587236975644,0.0067477832961580558,0.01712979451641897,0.023654861353142671,0.028954062839191431,0.033741880573139503,0.043617480474296526,0.00061630417787698671
z_Intercept_subj.526,0.029376731973953206,0.0067904376378226166,0.017266279780678608,0.023672931674951447,0.029013724318131939,0.033823055529542359,0.043694935879599016,0.00062007536726708273
z_Intercept_subj.527,0.02920912317231451,0.0066970530664638983,0.017182554793536392,0.023653806517071815,0.028823674802392611,0.033550965714946486,0.043464011629053979,0.00061377063783486904
z_Intercept_subj.528,0.029267637517070559,0.0067086095489852365,0.017032616886311126,0.023655212729406638,0.02888073506543349,0.03362473928760891,0.043617123256740171,0.00061340322853100889
z_Intercept_subj.530,0.029300322373758972,0.0067424718950772509,0.017177086430455981,0.023656624556816483,0.028992722362587164,0.033741438291488825,0.043533338870133574,0.00061658486274780407
z_Intercept_subj.531,0.029165264881248491,0.0066446221539368817,0.017131746445820058,0.023647170514843902,0.028828727675647769,0.033483579575075223,0.043431432162259767,0.00060917081633050224
z_Intercept_subj.533,0.029233791999569367,0.0067091295418444845,0.017166677117896403,0.023662186509210488,0.028858619722185293,0.033625834205029348,0.043627661879576896,0.00061409334096569049
z_Intercept_subj.534,0.029311022115060124,0.0067229205719604212,0.017188411907860288,0.023659486829904413,0.02897674950286129,0.033752322503943423,0.043617189266060639,0.00061419853713186106
z_Intercept_subj.535,0.029272772215435158,0.0067125399675543916,0.017252050120352184,0.023658747199753666,0.028895474487687929,0.033718468276197414,0.04349210610757448,0.00061417039579941173
z_Intercept_subj.536,0.029326097894250076,0.0067491471502075708,0.017168990904996566,0.023668055176751024,0.028944019240387243,0.033762970860545326,0.043730885180539199,0.00061813204837394002
z_Intercept_subj.537,0.029359296773808947,0.0067706447046365541,0.017111240866153923,0.023681242962350673,0.028978418791542497,0.033844835159038425,0.043621273662417699,0.00061809936754313069
z_Intercept_subj.538,0.029165433948072046,0.0066572485558752991,0.017190704279397503,0.023644769262911123,0.028807647671388378,0.033525871020731367,0.043362938242696138,0.00060878033057593984
z_Intercept_subj.539,0.029343579141459762,0.0067546506789863767,0.017124246694628142,0.023658019391870466,0.02902346670809057,0.033755933551525882,0.043644727853263433,0.0006199511538604348
z_Intercept_subj.541,0.029338678357771195,0.0067712518897173751,0.017175096994442487,0.023666305363173462,0.028961967560944629,0.033760602604937857,0.043753909169617071,0.00061812155783625756
z_Intercept_subj.542,0.029289914500654806,0.0067526627967777466,0.017215185916441809,0.023649044652452555,0.028883296072509949,0.033751875091786093,0.04357400428980672,0.00061748878425387443
z_condition,0.099629520079776296,0.023271595563003462,0.052963447392022453,0.084616212559922563,0.09974520336632739,0.11499143958282727,0.14536246800296043,0.00032247797743006348
z_condition_std,0.09763945295712835,0.02404310865352435,0.05037546269425297,0.081860563593451896,0.096876595305058266,0.11329855209286369,0.14667217147332084,0.00058597748624174121
z_condition_subj.501,0.046715434145577078,0.067340377415132394,-0.088595144910601123,0.0019173846107498754,0.048719292811138529,0.092572373458410823,0.17537603004477775,0.00076203277212323237
z_condition_subj.502,0.027183244647970322,0.068707392516644331,-0.11077269453198525,-0.018729285419904637,0.02977907510577503,0.074781285745557216,0.15635364662608275,0.00088629633942748022
z_condition_subj.503,0.18859979835258545,0.068507137992854489,0.061551478970347809,0.14132541863924314,0.18561186671400753,0.23412424654209427,0.32863990950190991,0.0008953613821667645
z_condition_subj.504,0.21984854482388294,0.080291519696138819,0.070907125846408486,0.16384749020048911,0.21736696894560251,0.27309696270172845,0.38223010030372234,0.0013720039270156161
z_condition_subj.505,0.10640019714797051,0.065001179184167465,-0.021383140204559989,0.063786165220221402,0.10629065341419511,0.14976468650907188,0.23394066008482151,0.00061804895968281992
z_condition_subj.506,0.1598384207908011,0.071608433778135874,0.022735789585095048,0.11157865023022732,0.15825487790593545,0.20600040359035141,0.307906872799035,0.00077602684457334374
z_condition_subj.507,0.13545364897203996,0.067115237209648987,0.007398950199666493,0.090552274395862248,0.1339555709618731,0.17951582746567896,0.27061671893881201,0.00060531900544089404
z_condition_subj.508,0.031237749201182018,0.070759782965300805,-0.1120311241791577,-0.015373931377461958,0.033172180824424802,0.07938289249526638,0.16492627450761527,0.00093869032540272825
z_condition_subj.509,0.28664300827545913,0.082240430613946494,0.13301500464784799,0.22991509321625875,0.28425380925278004,0.34185053184546949,0.45169628617537766,0.0014882163091636236
z_condition_subj.510,-0.006775671896925059,0.073283779370429042,-0.15398470917949839,-0.055462098233124216,-0.0041067903052292021,0.044008065585658798,0.1302452481107319,0.00091247870384105682
z_condition_subj.511,0.18835793086691788,0.069270271991348234,0.058637887254926239,0.14035620811568308,0.18659739785149831,0.23370316946902739,0.32868847394242467,0.00083756864762842454
z_condition_subj.512,0.03858942446492325,0.067567228801217197,-0.099016229299514688,-0.0054714038737650877,0.040043240255327205,0.083723542457039085,0.16746824564590129,0.00073604260362399271
z_condition_subj.513,0.078265684773070138,0.068235440784748996,-0.058162669302899705,0.033301021679489853,0.078211427165768413,0.12384320873969722,0.21195177594980347,0.00066466039411873924
z_condition_subj.514,0.052276604784276669,0.068291329364467149,-0.085296644741592889,0.0070682309439898672,0.053418642548632586,0.098724120005056731,0.18360399357843271,0.00062920111507554872
z_condition_subj.515,0.12380839653283324,0.066656800878157285,-0.0043306425152113553,0.079457697935641919,0.12299085060987873,0.16789725694966179,0.25976518571426682,0.00064335752565928086
z_condition_subj.516,0.088126431196153737,0.071083540386164226,-0.0535865164145998,0.041672379226640792,0.089404689661490094,0.13543280744914662,0.22757045120770802,0.00067298642072886731
z_condition_subj.517,0.083220721707636502,0.068211251960297328,-0.053334429754815497,0.037901719664760455,0.083511706703775973,0.12818175748521121,0.21655684802053654,0.00060644768986267868
z_condition_subj.518,0.14337399090721725,0.067971903799784392,0.011805133333471683,0.098180375431352579,0.14144468303291508,0.18722414292926118,0.28154609653922724,0.00071456635423414769
z_condition_subj.519,0.069447335348177264,0.066754146730198916,-0.063325629816166448,0.024711474056978655,0.070126584281357429,0.11383456095954327,0.19925881144272731,0.00076852479970675755
z_condition_subj.521,0.044692095424451163,0.067130552594624332,-0.091124069909997135,0.0002609464816880902,0.046165485937954789,0.089944451476658679,0.17315329738216095,0.00079952108006249806
z_condition_subj.522,0.11105824086797612,0.070246321095792721,-0.025418330668347814,0.064344892468452777,0.109830097696463,0.15783215983476892,0.25065337119503311,0.00064154482832920836
z_condition_subj.523,0.088176017972132245,0.066278459126537473,-0.043372946890874606,0.044534053519518363,0.088693641160217926,0.1318527513210013,0.21732624484871066,0.00064297442884931678
z_condition_subj.524,0.15757818765662987,0.072367289051521566,0.02153111097678323,0.10847643659456024,0.154901662264287,0.20536982815363675,0.30519762421559088,0.00076509983905693297
z_condition_subj.525,0.056452698006254597,0.07357882933046439,-0.093785757159441041,0.0090475114783161864,0.058556413040452449,0.10569953634908362,0.19636309939810931,0.00081203780152451391
z_condition_subj.526,0.011940114618602915,0.069378737785593697,-0.12846521385655252,-0.033468676978916291,0.013001549762873724,0.0600504974326381,0.14180466429801461,0.00083810249719125406
z_condition_subj.527,0.097975574303378637,0.066981168913576056,-0.035644731496620424,0.053868010290692436,0.097303553109755372,0.14279899822792974,0.23082793782646105,0.00052988531033801105
z_condition_subj.528,0.055119010289722381,0.067606190813494685,-0.080715756467132915,0.011462966619980544,0.056154156904459997,0.10030576981602192,0.18594904353340649,0.0007191508714427153
z_condition_subj.530,0.26388009340117152,0.079351485584544565,0.11456130076413296,0.20849528244231119,0.2616634105784032,0.31717420351591075,0.42410441908614083,0.0013454865864476967
z_condition_subj.531,0.053525379983103548,0.068049738329082302,-0.084257784234010077,0.0086227878970035338,0.054562617391628723,0.10004147273512082,0.1829957788338844,0.00067103956970677569
z_condition_subj.533,0.024724244811211847,0.068144875017605189,-0.11445855487596336,-0.020037447457802671,0.026453362264393696,0.070754912001086287,0.15416556680589977,0.00082088430070150343
z_condition_subj.534,0.15978036826202041,0.066560112882543807,0.03172808252691553,0.11450719395272677,0.15861137119996294,0.2041053572586633,0.29259953478714112,0.00071031693440965459
z_condition_subj.535,0.054920607563251206,0.068637218431210262,-0.083852206638993065,0.0096868724390317129,0.056044173301500369,0.10147934543915337,0.18705971449367167,0.00075298591888832357
z_condition_subj.536,0.13195106754457037,0.06395828490612615,0.0081927895250872643,0.088704200536971839,0.1308948889367641,0.17478605375116527,0.26109198277279266,0.00056239520544594296
z_condition_subj.537,0.10801214353212236,0.06734737246530649,-0.025516655437559113,0.063077447987001475,0.10800284211695102,0.15262603768164584,0.24219728643666022,0.00062336973761511582
z_condition_subj.538,0.052269227260953899,0.067489269433409091,-0.082936468899657181,0.0066822954284770919,0.054077066040088065,0.098190593710958091,0.18149134364741543,0.00066300772379711487
z_condition_subj.539,0.14407948525653561,0.065501437847238206,0.016934169618281578,0.099813642235295513,0.14287022633589519,0.18738249942426133,0.27566117041929605,0.00068306347046908202
z_condition_subj.541,0.056059112414954447,0.068759064400034556,-0.081606498463873717,0.010367095517862496,0.057841864231142827,0.10292959830792263,0.1874768522474472,0.00064310373161113898
z_condition_subj.542,0.052322483627300936,0.069445121552623848,-0.090374787777606588,0.0074431137736289607,0.054127369027430261,0.099315955541339832,0.18530094748572756,0.00074052583093645898
